count,from,to,timeframe,start,end
1,backchatbrass,thearches_weddings,1,2020-02-27 15:19:56,2020-02-29 14:03:44
2,backchatbrass,photokathryn,1,2020-02-27 15:19:56,2020-02-29 14:03:44
3,scoalegil,instagram,2,2020-02-27 15:32:12,2020-02-29 14:03:44
4,adsumforwomen,argylefineart,3,2020-02-27 15:49:22,2020-02-29 14:03:44
5,andrewloretto,thebeaconhx,4,2020-02-27 15:51:40,2020-02-29 14:03:44
6,andrewloretto,theatre_viaduct,4,2020-02-27 15:51:40,2020-02-29 14:03:44
7,kingofdonair,kingofdonair,5,2020-02-27 15:52:01,2020-02-29 14:03:44
8,berryjen,halifaxretales,6,2020-02-27 15:52:27,2020-02-29 14:03:44
9,berryjen,ilovelocalhfx,6,2020-02-27 15:52:27,2020-02-29 14:03:44
10,annetteharpell,1015_the_hawk,7,2020-02-27 15:52:34,2020-02-29 14:03:44
11,coachshotline,shibdenhall,8,2020-02-27 16:02:24,2020-02-29 14:03:44
12,coachshotline,thepiecehall,8,2020-02-27 16:02:24,2020-02-29 14:03:44
13,coachshotline,bankfieldmuseum,8,2020-02-27 16:02:24,2020-02-29 14:03:44
14,coachshotline,bazzmatazz,8,2020-02-27 16:02:24,2020-02-29 14:03:44
15,coachshotline,fm_phoenix,8,2020-02-27 16:02:24,2020-02-29 14:03:44
16,coachshotline,yahoouk,8,2020-02-27 16:02:24,2020-02-29 14:03:44
17,spindo82,halifaxbank,9,2020-02-27 16:04:45,2020-02-29 14:03:44
18,spindo82,lloydsbank,9,2020-02-27 16:04:45,2020-02-29 14:03:44
19,ourmommad,ulyssesquartet,10,2020-02-27 16:10:02,2020-02-29 14:03:44
20,ourmommad,ceciliaconcerts,10,2020-02-27 16:10:02,2020-02-29 14:03:44
21,steelehyundai,steeleautogroup,11,2020-02-27 16:19:50,2020-02-29 14:03:44
22,coffeeb68950935,nspowerinc,12,2020-02-27 16:30:42,2020-02-29 14:03:44
23,tbone911t,nspowerinc,13,2020-02-27 16:30:55,2020-02-29 14:03:44
24,doinallrightbye,nspowerinc,14,2020-02-27 16:34:13,2020-02-29 14:03:44
25,aquakultre,aquakultre,15,2020-02-27 16:38:38,2020-02-29 14:03:44
26,aquakultre,cbcradio,15,2020-02-27 16:38:38,2020-02-29 14:03:44
27,doinallrightbye,nspowerinc,16,2020-02-27 16:43:04,2020-02-29 14:03:44
28,balloontoilet,aquakultre,17,2020-02-27 16:43:53,2020-02-29 14:03:44
29,balloontoilet,cbcradio,17,2020-02-27 16:43:53,2020-02-29 14:03:44
30,rebeccajaneland,visitcalderdale,18,2020-02-27 17:00:34,2020-02-29 14:03:44
31,rebeccajaneland,thepiecehall,18,2020-02-27 17:00:34,2020-02-29 14:03:44
32,herosofcanada,nsletr,19,2020-02-27 17:03:01,2020-02-29 14:03:44
33,herosofcanada,specialons,19,2020-02-27 17:03:01,2020-02-29 14:03:44
34,cproth64,grandadwheels,20,2020-02-27 17:06:03,2020-02-29 14:03:44
35,cproth64,thepiecehall,20,2020-02-27 17:06:03,2020-02-29 14:03:44
36,kwhcoaster,gracepeacock,21,2020-02-27 17:09:45,2020-02-29 14:03:44
37,ilovelocalhfx,ilovelocalhfx,22,2020-02-27 17:13:45,2020-02-29 14:03:44
38,ilovelocalhfx,halifaxretales,22,2020-02-27 17:13:45,2020-02-29 14:03:44
39,billallan03,halifaxnoise,23,2020-02-27 17:23:49,2020-02-29 14:03:44
40,billallan03,halifaxwater,23,2020-02-27 17:23:49,2020-02-29 14:03:44
41,billallan03,twitcoast,23,2020-02-27 17:23:49,2020-02-29 14:03:44
42,billallan03,globalhalifax,23,2020-02-27 17:23:49,2020-02-29 14:03:44
43,billallan03,q104halifax,23,2020-02-27 17:23:49,2020-02-29 14:03:44
44,halifaxbloggers,cove17,24,2020-02-27 17:30:00,2020-02-29 14:03:44
45,skirri,richardwarnica,25,2020-02-27 17:34:23,2020-02-29 14:03:44
46,skirri,theturner,25,2020-02-27 17:34:23,2020-02-29 14:03:44
47,skirri,dk_munro,25,2020-02-27 17:34:23,2020-02-29 14:03:44
48,skirri,mikepmoffatt,25,2020-02-27 17:34:23,2020-02-29 14:03:44
49,skirri,paulisci,25,2020-02-27 17:34:23,2020-02-29 14:03:44
50,skirri,aaronwherry,25,2020-02-27 17:34:23,2020-02-29 14:03:44
51,ryansnoddon,cbchfxtraffic,26,2020-02-27 17:36:46,2020-02-29 14:03:44
52,paulwesson,bexsaunders7,27,2020-02-27 17:41:51,2020-02-29 14:03:44
53,moonwillow2011,cbchfxtraffic,28,2020-02-27 17:43:34,2020-02-29 14:03:44
54,bexsaunders7,bexsaunders7,29,2020-02-27 17:44:12,2020-02-29 14:03:44
55,adventureinpic,visitcalderdale,30,2020-02-27 17:46:51,2020-02-29 14:03:44
56,adventureinpic,shibdenpark,30,2020-02-27 17:46:51,2020-02-29 14:03:44
57,adventureinpic,calderdale,30,2020-02-27 17:46:51,2020-02-29 14:03:44
58,adventureinpic,shibdenhall,30,2020-02-27 17:46:51,2020-02-29 14:03:44
59,adventureinpic,gentlemanjackuk,30,2020-02-27 17:46:51,2020-02-29 14:03:44
60,adventureinpic,discoverhx,30,2020-02-27 17:46:51,2020-02-29 14:03:44
61,adventureinpic,welcome2yorks,30,2020-02-27 17:46:51,2020-02-29 14:03:44
62,caitw007,officialpuppers,31,2020-02-27 17:47:24,2020-02-29 14:03:44
63,caitw007,evenko,31,2020-02-27 17:47:24,2020-02-29 14:03:44
64,britchicksocial,bexsaunders7,32,2020-02-27 17:48:44,2020-02-29 14:03:44
65,medingerremax,frky91,33,2020-02-27 17:49:00,2020-02-29 14:03:44
66,medingerremax,lakings,33,2020-02-27 17:49:00,2020-02-29 14:03:44
67,medingerremax,qmjhl,33,2020-02-27 17:49:00,2020-02-29 14:03:44
68,rohinibannerjee,argylefineart,34,2020-02-27 17:57:20,2020-02-29 14:03:44
69,into_thyhands,1015_the_hawk,35,2020-02-27 17:58:25,2020-02-29 14:03:44
70,willempaynter,lotsixbar,36,2020-02-27 17:58:59,2020-02-29 14:03:44
71,into_thyhands,989xfm,37,2020-02-27 17:59:03,2020-02-29 14:03:44
72,into_thyhands,ohscanada,37,2020-02-27 17:59:03,2020-02-29 14:03:44
73,into_thyhands,1015_the_hawk,37,2020-02-27 17:59:03,2020-02-29 14:03:44
74,into_thyhands,ns_advocate,37,2020-02-27 17:59:03,2020-02-29 14:03:44
75,into_thyhands,ohsinsider,37,2020-02-27 17:59:03,2020-02-29 14:03:44
76,into_thyhands,casket_news,37,2020-02-27 17:59:03,2020-02-29 14:03:44
77,into_thyhands,ccohs,37,2020-02-27 17:59:03,2020-02-29 14:03:44
78,halifaxnoise,halifaxnoise,38,2020-02-27 18:03:59,2020-02-29 14:03:44
79,halifaxnoise,halifaxwater,38,2020-02-27 18:03:59,2020-02-29 14:03:44
80,halifaxnoise,twitcoast,38,2020-02-27 18:03:59,2020-02-29 14:03:44
81,halifaxnoise,globalhalifax,38,2020-02-27 18:03:59,2020-02-29 14:03:44
82,halifaxnoise,q104halifax,38,2020-02-27 18:03:59,2020-02-29 14:03:44
83,mags1370,q104halifax,39,2020-02-27 18:09:14,2020-02-29 14:03:44
84,ocean_opal,2btheatre,39,2020-02-27 18:09:14,2020-02-29 14:03:44
85,mags1370,halifaxwater,39,2020-02-27 18:09:14,2020-02-29 14:03:44
86,mags1370,twitcoast,39,2020-02-27 18:09:14,2020-02-29 14:03:44
87,mags1370,globalhalifax,39,2020-02-27 18:09:14,2020-02-29 14:03:44
88,ocean_opal,hfxpublib,39,2020-02-27 18:09:14,2020-02-29 14:03:44
89,mags1370,halifaxnoise,39,2020-02-27 18:09:14,2020-02-29 14:03:44
90,wilsonkm2,halifaxwater,40,2020-02-27 18:10:56,2020-02-29 14:03:44
91,wilsonkm2,twitcoast,40,2020-02-27 18:10:56,2020-02-29 14:03:44
92,wilsonkm2,globalhalifax,40,2020-02-27 18:10:56,2020-02-29 14:03:44
93,wilsonkm2,halifaxnoise,40,2020-02-27 18:10:56,2020-02-29 14:03:44
94,wilsonkm2,q104halifax,40,2020-02-27 18:10:56,2020-02-29 14:03:44
95,seaandbescene,scoobylivetour,41,2020-02-27 18:22:23,2020-02-29 14:03:44
96,clubsizepaul,selmarysmith,42,2020-02-27 18:36:22,2020-02-29 14:03:44
97,clubsizepaul,downtownhalifax,42,2020-02-27 18:36:22,2020-02-29 14:03:44
98,elodie_pestel,royalcannavy,43,2020-02-27 19:00:42,2020-02-29 14:03:44
99,elodie_pestel,msvu_halifax,43,2020-02-27 19:00:42,2020-02-29 14:03:44
100,halifaxnoise,td_canada,44,2020-02-27 19:01:16,2020-02-29 14:03:44
101,nickychanthomp,visitcalderdale,45,2020-02-27 19:05:01,2020-02-29 14:03:44
102,nickychanthomp,thepiecehall,45,2020-02-27 19:05:01,2020-02-29 14:03:44
103,wimlds,smuhalifax,46,2020-02-27 19:08:38,2020-02-29 14:03:44
104,femtech_,smuhalifax,47,2020-02-27 19:08:43,2020-02-29 14:03:44
105,nickychanthomp,thepiecehall,48,2020-02-27 19:09:48,2020-02-29 14:03:44
106,flawintheiris,flawintheiris,49,2020-02-27 19:20:33,2020-02-29 14:03:44
107,ns_scooke,flawintheiris,50,2020-02-27 19:21:41,2020-02-29 14:03:44
108,mattwhitman2020,marybrowns,51,2020-02-27 19:25:12,2020-02-29 14:03:44
109,mattwhitman2020,lucianorad,51,2020-02-27 19:25:12,2020-02-29 14:03:44
110,logmanmaritimes,chmafm,52,2020-02-27 19:26:18,2020-02-29 14:03:44
111,logmanmaritimes,local1073fm,52,2020-02-27 19:26:18,2020-02-29 14:03:44
112,logmanmaritimes,ncracanada,52,2020-02-27 19:26:18,2020-02-29 14:03:44
113,logmanmaritimes,chsr979,52,2020-02-27 19:26:18,2020-02-29 14:03:44
114,logmanmaritimes,ckdu881fm,52,2020-02-27 19:26:18,2020-02-29 14:03:44
115,logmanmaritimes,chmrmunradio,52,2020-02-27 19:26:18,2020-02-29 14:03:44
116,helenfong,chivestalkin,53,2020-02-27 19:30:14,2020-02-29 14:03:44
117,helenfong,2doorsdownhfx,53,2020-02-27 19:30:14,2020-02-29 14:03:44
118,eperryinsights,td_canada,54,2020-02-27 19:32:17,2020-02-29 14:03:44
119,teslcanada,teslcanada,55,2020-02-27 19:35:43,2020-02-29 14:03:44
120,annmariekerr,2btheatre,56,2020-02-27 20:07:34,2020-02-29 14:03:44
121,annmariekerr,hfxpublib,56,2020-02-27 20:07:34,2020-02-29 14:03:44
122,debrapalermo,shibdenafterdrk,57,2020-02-27 20:09:21,2020-02-29 14:03:44
123,annamoore333,cfl,58,2020-02-27 20:25:09,2020-02-29 14:03:44
124,annamoore333,sskroughriders,58,2020-02-27 20:25:09,2020-02-29 14:03:44
125,batesbates75,thepiecehall,59,2020-02-27 20:30:31,2020-02-29 14:03:44
126,batesbates75,visitcalderdale,59,2020-02-27 20:30:31,2020-02-29 14:03:44
127,heatherrankinme,halifaxblackfilmfest,60,2020-02-27 20:31:59,2020-02-29 14:03:44
128,cbpost_jeremy,stationsixfire,61,2020-02-27 20:32:29,2020-02-29 14:03:44
129,cbpost_jeremy,thensfhl,61,2020-02-27 20:32:29,2020-02-29 14:03:44
130,cbpost_jeremy,chevypanthers,61,2020-02-27 20:32:29,2020-02-29 14:03:44
131,batesbates75,thepiecehall,62,2020-02-27 20:39:27,2020-02-29 14:03:44
132,batesbates75,thepiecehall,63,2020-02-27 20:40:10,2020-02-29 14:03:44
133,cbpost_jeremy,aus_sua,64,2020-02-27 20:40:24,2020-02-29 14:03:44
134,cbpost_jeremy,gocapersgo,64,2020-02-27 20:40:24,2020-02-29 14:03:44
135,cbpost_jeremy,cbuniversity,64,2020-02-27 20:40:24,2020-02-29 14:03:44
136,brigidsavage,argylefineart,65,2020-02-27 20:41:44,2020-02-29 14:03:44
137,lisarobertshfx,stephenmcneil,66,2020-02-27 21:33:00,2020-02-29 14:03:44
138,lisarobertshfx,nsndp,66,2020-02-27 21:33:00,2020-02-29 14:03:44
139,lisarobertshfx,nsleg,66,2020-02-27 21:33:00,2020-02-29 14:03:44
140,firstdown36,schoonersatl,67,2020-02-27 21:45:26,2020-02-29 14:03:44
141,firstdown36,cfl_headlines,67,2020-02-27 21:45:26,2020-02-29 14:03:44
142,firstdown36,smuhuskies,67,2020-02-27 21:45:26,2020-02-29 14:03:44
143,kw1012,halifaxnoise,68,2020-02-27 21:53:37,2020-02-29 14:03:44
144,angeliaprest,nspowerinc,69,2020-02-27 22:04:49,2020-02-29 14:03:44
145,angeliaprest,nspowerinc,70,2020-02-27 22:07:44,2020-02-29 14:03:44
146,tmosphaera,deanclough,71,2020-02-27 22:22:09,2020-02-29 14:03:44
147,tmosphaera,deanclough,72,2020-02-27 22:23:28,2020-02-29 14:03:44
148,lisamaccoll,lukaszukab,73,2020-02-27 22:44:20,2020-02-29 14:03:44
149,nickhudsonhfx,hfxgov,74,2020-02-27 22:47:49,2020-02-29 14:03:44
150,nickhudsonhfx,hfxtraffic,74,2020-02-27 22:47:49,2020-02-29 14:03:44
151,smartenergycan,accenture,75,2020-02-27 23:00:40,2020-02-29 14:03:44
152,xx99487493,kj_apa,76,2020-02-27 23:35:19,2020-02-29 14:03:44
153,xx99487493,realbritt_rob,76,2020-02-27 23:35:19,2020-02-29 14:03:44
154,shaymenstats,geoff_hors_foun,77,2020-02-27 23:55:12,2020-02-29 14:03:44
155,williamcorwin,thepiecehall,78,2020-02-28 00:11:44,2020-02-29 14:03:44
156,proflauzon,td_canada,79,2020-02-28 00:35:29,2020-02-29 14:03:44
157,rangertom0,treesponsibilit,80,2020-02-28 01:40:44,2020-02-29 14:03:44
158,rangertom0,yahoo,80,2020-02-28 01:40:44,2020-02-29 14:03:44
159,rangertom0,calderdale,80,2020-02-28 01:40:44,2020-02-29 14:03:44
160,emmacochrane9,treesponsibilit,81,2020-02-28 01:53:47,2020-02-29 14:03:44
161,emmacochrane9,yahoo,81,2020-02-28 01:53:47,2020-02-29 14:03:44
162,emmacochrane9,calderdale,81,2020-02-28 01:53:47,2020-02-29 14:03:44
163,theatre_viaduct,worldbookdayuk,82,2020-02-28 02:31:48,2020-02-29 14:03:44
164,theatre_viaduct,georgeatasda,82,2020-02-28 02:31:48,2020-02-29 14:03:44
165,havant_enviro,calderdale,83,2020-02-28 02:46:19,2020-02-29 14:03:44
166,havant_enviro,treesponsibilit,83,2020-02-28 02:46:19,2020-02-29 14:03:44
167,havant_enviro,yahoo,83,2020-02-28 02:46:19,2020-02-29 14:03:44
168,jcpinwestyorks,nurseplusu,84,2020-02-28 03:30:27,2020-02-29 14:03:44
169,culturallaura,tpexpresstrains,85,2020-02-28 03:48:01,2020-02-29 14:03:44
170,culturallaura,anotherworldadc,85,2020-02-28 03:48:01,2020-02-29 14:03:44
171,culturallaura,northernassist,85,2020-02-28 03:48:01,2020-02-29 14:03:44
172,culturallaura,cookson_mike,85,2020-02-28 03:48:01,2020-02-29 14:03:44
173,culturallaura,raileasy,85,2020-02-28 03:48:01,2020-02-29 14:03:44
174,culturallaura,hardcastlent,85,2020-02-28 03:48:01,2020-02-29 14:03:44
175,culturallaura,roktclimbinggym,85,2020-02-28 03:48:01,2020-02-29 14:03:44
176,tammyjfrcowbay,nsndp,86,2020-02-28 04:44:22,2020-02-29 14:03:44
177,tammyjfrcowbay,nsleg,86,2020-02-28 04:44:22,2020-02-29 14:03:44
178,tammyjfrcowbay,stephenmcneil,86,2020-02-28 04:44:22,2020-02-29 14:03:44
179,thebeaconhx,thebeaconhx,87,2020-02-28 05:31:35,2020-02-29 14:03:44
180,thebeaconhx,theatre_viaduct,87,2020-02-28 05:31:35,2020-02-29 14:03:44
181,maurawilson63,womencentreck,88,2020-02-28 05:33:44,2020-02-29 14:03:44
182,maurawilson63,hollylynch5,88,2020-02-28 05:33:44,2020-02-29 14:03:44
183,maurawilson63,squarechapel,88,2020-02-28 05:33:44,2020-02-29 14:03:44
184,leighsedmondson,victheatre,89,2020-02-28 05:35:58,2020-02-29 14:03:44
185,leighsedmondson,jasonmanford,89,2020-02-28 05:35:58,2020-02-29 14:03:44
186,news957,hrce_ns,90,2020-02-28 05:48:56,2020-02-29 14:03:44
187,rastasack,hrce_ns,91,2020-02-28 05:50:48,2020-02-29 14:03:44
188,hotcountry1035,hrce_ns,92,2020-02-28 05:56:28,2020-02-29 14:03:44
189,hfxtraffic,nickhudsonhfx,93,2020-02-28 05:58:53,2020-02-29 14:03:44
190,hfxtraffic,hfxgov,93,2020-02-28 05:58:53,2020-02-29 14:03:44
191,hfxtraffic,hfxtraffic,93,2020-02-28 05:58:53,2020-02-29 14:03:44
192,heintzmanews957,hrce_ns,94,2020-02-28 06:10:16,2020-02-29 14:03:44
193,hxnorthandeast,midnight,95,2020-02-28 06:19:24,2020-02-29 14:03:44
194,hxnorthandeast,calderdale,95,2020-02-28 06:19:24,2020-02-29 14:03:44
195,hxnorthandeast,halifax,95,2020-02-28 06:19:24,2020-02-29 14:03:44
196,hxnorthandeast,easter,95,2020-02-28 06:19:24,2020-02-29 14:03:44
197,hxnorthandeast,fundraiser,95,2020-02-28 06:19:24,2020-02-29 14:03:44
198,hxnorthandeast,charity,95,2020-02-28 06:19:24,2020-02-29 14:03:44
199,oera_ns,canadian_mre,96,2020-02-28 06:20:04,2020-02-29 14:03:44
200,mattfegan_hwfc,macronsports,97,2020-02-28 06:20:27,2020-02-29 14:03:44
201,glenfinlake,canadian_mre,98,2020-02-28 06:25:58,2020-02-29 14:03:44
202,sicklecellcan,sicklecellcan,99,2020-02-28 06:26:04,2020-02-29 14:03:44
203,sicklecellcan,sicklecellca,99,2020-02-28 06:26:04,2020-02-29 14:03:44
204,ramsdenslit,tradingroomstph,100,2020-02-28 06:31:24,2020-02-29 14:03:44
205,ramsdenslit,thepiecehall,100,2020-02-28 06:31:24,2020-02-29 14:03:44
206,ramsdenslit,barclaysuk,100,2020-02-28 06:31:24,2020-02-29 14:03:44
207,ramsdenslit,midyorkschamber,100,2020-02-28 06:31:24,2020-02-29 14:03:44
208,ramsdenslit,cresswells_hb,100,2020-02-28 06:31:24,2020-02-29 14:03:44
209,ramsdenslit,lastfridayclub,100,2020-02-28 06:31:24,2020-02-29 14:03:44
210,bluepete81,hxcourier,101,2020-02-28 06:35:03,2020-02-29 14:03:44
211,topic_uk,thepiecehall,102,2020-02-28 06:45:46,2020-02-29 14:03:44
212,topic_uk,cresswells_hb,102,2020-02-28 06:45:46,2020-02-29 14:03:44
213,topic_uk,tradingroomstph,102,2020-02-28 06:45:46,2020-02-29 14:03:44
214,topic_uk,lastfridayclub,102,2020-02-28 06:45:46,2020-02-29 14:03:44
215,topic_uk,barclaysuk,102,2020-02-28 06:45:46,2020-02-29 14:03:44
216,topic_uk,midyorkschamber,102,2020-02-28 06:45:46,2020-02-29 14:03:44
217,clubinclusion,ns_dcs,103,2020-02-28 06:51:17,2020-02-29 14:03:44
218,clubinclusion,stephenmcneil,103,2020-02-28 06:51:17,2020-02-29 14:03:44
219,clubinclusion,goodlifekids,103,2020-02-28 06:51:17,2020-02-29 14:03:44
220,wilrickquisto,stephenmcneil,104,2020-02-28 06:54:11,2020-02-29 14:03:44
221,wilrickquisto,ns_dcs,104,2020-02-28 06:54:11,2020-02-29 14:03:44
222,wilrickquisto,goodlifekids,104,2020-02-28 06:54:11,2020-02-29 14:03:44
223,mattwhitman2020,donnareardonsj,105,2020-02-28 07:01:11,2020-02-29 14:03:44
224,mattwhitman2020,trevorgaal,105,2020-02-28 07:01:11,2020-02-29 14:03:44
225,mattwhitman2020,jonathan_norcum,105,2020-02-28 07:01:11,2020-02-29 14:03:44
226,mattwhitman2020,davidhickeynb,105,2020-02-28 07:01:11,2020-02-29 14:03:44
227,batesbates75,thepiecehall,106,2020-02-28 07:19:51,2020-02-29 14:03:44
228,halifax2020,mattwhitman2020,107,2020-02-28 07:23:37,2020-02-29 14:03:44
229,halifax2020,wayemason,107,2020-02-28 07:23:37,2020-02-29 14:03:44
230,onetoask,nsndp,108,2020-02-28 07:23:45,2020-02-29 14:03:44
231,onetoask,stephenmcneil,108,2020-02-28 07:23:45,2020-02-29 14:03:44
232,onetoask,nsleg,108,2020-02-28 07:23:45,2020-02-29 14:03:44
233,therealstevegow,elevation_pics,109,2020-02-28 07:26:45,2020-02-29 14:03:44
234,therealstevegow,timelapsepics,109,2020-02-28 07:26:45,2020-02-29 14:03:44
235,ramsdenspi,lastfridayclub,110,2020-02-28 07:28:36,2020-02-29 14:03:44
236,ramsdenspi,tradingroomstph,110,2020-02-28 07:28:36,2020-02-29 14:03:44
237,ramsdenspi,thepiecehall,110,2020-02-28 07:28:36,2020-02-29 14:03:44
238,ramsdenspi,barclaysuk,110,2020-02-28 07:28:36,2020-02-29 14:03:44
239,ramsdenspi,midyorkschamber,110,2020-02-28 07:28:36,2020-02-29 14:03:44
240,ramsdenspi,cresswells_hb,110,2020-02-28 07:28:36,2020-02-29 14:03:44
241,mc_moosecountry,hfxmooseheads,111,2020-02-28 07:35:30,2020-02-29 14:03:44
242,mc_moosecountry,kevingursoy,111,2020-02-28 07:35:30,2020-02-29 14:03:44
243,mc_moosecountry,mc_moosecountry,111,2020-02-28 07:35:30,2020-02-29 14:03:44
244,nlsmith99,nsleg,112,2020-02-28 07:35:42,2020-02-29 14:03:44
245,nlsmith99,stephenmcneil,112,2020-02-28 07:35:42,2020-02-29 14:03:44
246,nlsmith99,nsndp,112,2020-02-28 07:35:42,2020-02-29 14:03:44
247,dorothylander,colorsandstones,113,2020-02-28 07:37:51,2020-02-29 14:03:44
248,dorothylander,egypt_travels,113,2020-02-28 07:37:51,2020-02-29 14:03:44
249,soshogal,argylefineart,114,2020-02-28 07:43:29,2020-02-29 14:03:44
250,chris_molaison,mattwhitman2020,115,2020-02-28 07:44:20,2020-02-29 14:03:44
251,chris_molaison,wayemason,115,2020-02-28 07:44:20,2020-02-29 14:03:44
252,shannon_newton,q104halifax,116,2020-02-28 07:52:47,2020-02-29 14:03:44
253,shannon_newton,hfxtraffic,116,2020-02-28 07:52:47,2020-02-29 14:03:44
254,halifaxdave,macronsports,117,2020-02-28 07:53:38,2020-02-29 14:03:44
255,kathymcnab3,argylefineart,118,2020-02-28 07:54:03,2020-02-29 14:03:44
256,robnhood9090,halifaxtoday,119,2020-02-28 07:54:36,2020-02-29 14:03:44
257,fergdevins,haligonia,120,2020-02-28 07:56:17,2020-02-29 14:03:44
258,hfxpartnership,portofhalifax,121,2020-02-28 08:01:11,2020-02-29 14:03:44
259,e_architect,ibigroup,122,2020-02-28 08:01:58,2020-02-29 14:03:44
260,e_architect,novacentre,122,2020-02-28 08:01:58,2020-02-29 14:03:44
261,gurneetkdhami,womxninpolicy,123,2020-02-28 08:04:59,2020-02-29 14:03:44
262,gurneetkdhami,oanndivine,123,2020-02-28 08:04:59,2020-02-29 14:03:44
263,gurneetkdhami,kellyoneil60,123,2020-02-28 08:04:59,2020-02-29 14:03:44
264,gurneetkdhami,newsbag,123,2020-02-28 08:04:59,2020-02-29 14:03:44
265,gurneetkdhami,arielgough,123,2020-02-28 08:04:59,2020-02-29 14:03:44
266,newsbag,womxninpolicy,124,2020-02-28 08:10:23,2020-02-29 14:03:44
267,newsbag,oanndivine,124,2020-02-28 08:10:23,2020-02-29 14:03:44
268,newsbag,kellyoneil60,124,2020-02-28 08:10:23,2020-02-29 14:03:44
269,newsbag,newsbag,124,2020-02-28 08:10:23,2020-02-29 14:03:44
270,newsbag,arielgough,124,2020-02-28 08:10:23,2020-02-29 14:03:44
271,cyclingeurope,thepiecehall,125,2020-02-28 08:10:52,2020-02-29 14:03:44
272,memorial_ann,squarechapel,126,2020-02-28 08:11:10,2020-02-29 14:03:44
273,squarechapel,squarechapel,127,2020-02-28 08:14:17,2020-02-29 14:03:44
274,rastasack,cdnencyclopedia,128,2020-02-28 08:17:53,2020-02-29 14:03:44
275,rastasack,historicns,128,2020-02-28 08:17:53,2020-02-29 14:03:44
276,kimfoxrealty,portofhalifax,129,2020-02-28 08:20:03,2020-02-29 14:03:44
277,listerlanecem,squarechapel,130,2020-02-28 08:20:51,2020-02-29 14:03:44
278,downtowndawn,hrce_ns,131,2020-02-28 08:27:02,2020-02-29 14:03:44
279,hfxtraffic,shannon_newton,132,2020-02-28 08:28:59,2020-02-29 14:03:44
280,hfxtraffic,hfxtraffic,132,2020-02-28 08:28:59,2020-02-29 14:03:44
281,hfxtraffic,q104halifax,132,2020-02-28 08:28:59,2020-02-29 14:03:44
282,southbarguy,nsndp,133,2020-02-28 08:34:22,2020-02-29 14:03:44
283,southbarguy,corrymackinnon,133,2020-02-28 08:34:22,2020-02-29 14:03:44
284,halifaxtrue,sp8gin1,134,2020-02-28 08:35:04,2020-02-29 14:03:44
285,mc_moosecountry,hfxmooseheads,135,2020-02-28 08:42:05,2020-02-29 14:03:44
286,steudlerart,td_canada,136,2020-02-28 08:42:36,2020-02-29 14:03:44
287,hfxheritage,chronicleherald,137,2020-02-28 08:44:52,2020-02-29 14:03:44
288,hfxheritage,cove17,137,2020-02-28 08:44:52,2020-02-29 14:03:44
289,q104halifax,marqueeballroom,138,2020-02-28 08:45:09,2020-02-29 14:03:44
290,q104halifax,buckcherry,138,2020-02-28 08:45:09,2020-02-29 14:03:44
291,huddletoday,thestubborngoat,139,2020-02-28 08:45:11,2020-02-29 14:03:44
292,todoinhalifax,marqueeballroom,140,2020-02-28 08:46:22,2020-02-29 14:03:44
293,todoinhalifax,buckcherry,140,2020-02-28 08:46:22,2020-02-29 14:03:44
294,hxwegcpro,playmoregolf,141,2020-02-28 08:49:03,2020-02-29 14:03:44
295,harassnomore,1015_the_hawk,142,2020-02-28 08:54:00,2020-02-29 14:03:44
296,culturelinkcic,22_minutes,143,2020-02-28 08:57:44,2020-02-29 14:03:44
297,buckcherry,marqueeballroom,144,2020-02-28 08:59:17,2020-02-29 14:03:44
298,buckcherry,buckcherry,144,2020-02-28 08:59:17,2020-02-29 14:03:44
299,therickhoweshow,mikesavagehfx,145,2020-02-28 08:59:24,2020-02-29 14:03:44
300,sschultheis212,kingofdonair,146,2020-02-28 08:59:50,2020-02-29 14:03:44
301,raz960,marqueeballroom,147,2020-02-28 08:59:52,2020-02-29 14:03:44
302,raz960,buckcherry,147,2020-02-28 08:59:52,2020-02-29 14:03:44
303,bookcornerhx,grandadwheels,148,2020-02-28 09:07:39,2020-02-29 14:03:44
304,athlene25,sicklecellcan,149,2020-02-28 09:11:15,2020-02-29 14:03:44
305,athlene25,sicklecellca,149,2020-02-28 09:11:15,2020-02-29 14:03:44
306,grandadwheels,grandadwheels,150,2020-02-28 09:12:26,2020-02-29 14:03:44
307,sassyrugger,shibdenafterdrk,151,2020-02-28 09:12:55,2020-02-29 14:03:44
308,forestfruits1,halifaxbank,152,2020-02-28 09:14:48,2020-02-29 14:03:44
309,filmcclure,lukaszukab,153,2020-02-28 09:18:04,2020-02-29 14:03:44
310,bigjmcc,hfxgov,154,2020-02-28 09:24:17,2020-02-29 14:03:44
311,bigjmcc,dubehalifax1,154,2020-02-28 09:24:17,2020-02-29 14:03:44
312,zwoodford,hfxgov,155,2020-02-28 09:24:55,2020-02-29 14:03:44
313,zwoodford,dubehalifax1,155,2020-02-28 09:24:55,2020-02-29 14:03:44
314,seanjoudry,rbatherson,156,2020-02-28 09:25:30,2020-02-29 14:03:44
315,cove17,cove17,157,2020-02-28 09:25:56,2020-02-29 14:03:44
316,cove17,chronicleherald,157,2020-02-28 09:25:56,2020-02-29 14:03:44
317,downtowndawn,chronicleherald,158,2020-02-28 09:27:49,2020-02-29 14:03:44
318,downtowndawn,cove17,158,2020-02-28 09:27:49,2020-02-29 14:03:44
319,rosebeefe,22_minutes,159,2020-02-28 09:32:28,2020-02-29 14:03:44
320,nsshadesofgreen,td_canada,160,2020-02-28 09:32:42,2020-02-29 14:03:44
321,eventseastca,scotiabankctr,161,2020-02-28 09:34:48,2020-02-29 14:03:44
322,eventseastca,hfxconventions,161,2020-02-28 09:34:48,2020-02-29 14:03:44
323,eventseastca,ticketatlantic,161,2020-02-28 09:34:48,2020-02-29 14:03:44
324,dalartscentre,evenko,162,2020-02-28 09:36:51,2020-02-29 14:03:44
325,dalartscentre,clannadmusic,162,2020-02-28 09:36:51,2020-02-29 14:03:44
326,dalartscentre,livenation,162,2020-02-28 09:36:51,2020-02-29 14:03:44
327,bigjmcc,joan_baxter,163,2020-02-28 09:38:52,2020-02-29 14:03:44
328,bigjmcc,tim_bousquet,163,2020-02-28 09:38:52,2020-02-29 14:03:44
329,bigjmcc,lindellsmithhfx,163,2020-02-28 09:38:52,2020-02-29 14:03:44
330,bigjmcc,newsbag,163,2020-02-28 09:38:52,2020-02-29 14:03:44
331,bigjmcc,shawncleary,163,2020-02-28 09:38:52,2020-02-29 14:03:44
332,bigjmcc,wayemason,163,2020-02-28 09:38:52,2020-02-29 14:03:44
333,bigjmcc,hfxexaminer,163,2020-02-28 09:38:52,2020-02-29 14:03:44
334,cddesignsuk,theartworks,164,2020-02-28 09:44:37,2020-02-29 14:03:44
335,glasspirations,theartworks,165,2020-02-28 09:48:02,2020-02-29 14:03:44
336,freemanspizza,sack_vegas,166,2020-02-28 09:59:10,2020-02-29 14:03:44
337,freemanspizza,sbasackville,166,2020-02-28 09:59:10,2020-02-29 14:03:44
338,thebeaconhx,sp8gin1,167,2020-02-28 09:59:17,2020-02-29 14:03:44
339,dangerwildman72,lukaszukab,168,2020-02-28 10:00:28,2020-02-29 14:03:44
340,sonicconcerts,scotiabankctr,169,2020-02-28 10:00:49,2020-02-29 14:03:44
341,sonicconcerts,adamabaldwin,169,2020-02-28 10:00:49,2020-02-29 14:03:44
342,sonicconcerts,q104halifax,169,2020-02-28 10:00:49,2020-02-29 14:03:44
343,sonicconcerts,theglorioussons,169,2020-02-28 10:00:49,2020-02-29 14:03:44
344,sonicconcerts,ticketatlantic,169,2020-02-28 10:00:49,2020-02-29 14:03:44
345,bigjmcc,hfxregpolice,170,2020-02-28 10:02:38,2020-02-29 14:03:44
346,adamabaldwin,theglorioussons,171,2020-02-28 10:06:17,2020-02-29 14:03:44
347,womxninpolicy,newsbag,172,2020-02-28 10:14:56,2020-02-29 14:03:44
348,womxninpolicy,arielgough,172,2020-02-28 10:14:56,2020-02-29 14:03:44
349,womxninpolicy,womxninpolicy,172,2020-02-28 10:14:56,2020-02-29 14:03:44
350,womxninpolicy,oanndivine,172,2020-02-28 10:14:56,2020-02-29 14:03:44
351,womxninpolicy,kellyoneil60,172,2020-02-28 10:14:56,2020-02-29 14:03:44
352,ticketatlantic,adamabaldwin,173,2020-02-28 10:16:40,2020-02-29 14:03:44
353,ticketatlantic,q104halifax,173,2020-02-28 10:16:40,2020-02-29 14:03:44
354,ticketatlantic,theglorioussons,173,2020-02-28 10:16:40,2020-02-29 14:03:44
355,ticketatlantic,ticketatlantic,173,2020-02-28 10:16:40,2020-02-29 14:03:44
356,ticketatlantic,scotiabankctr,173,2020-02-28 10:16:40,2020-02-29 14:03:44
357,drrob_thacker,td_canada,174,2020-02-28 10:22:28,2020-02-29 14:03:44
358,jen_keesmaat,jen_keesmaat,175,2020-02-28 10:29:50,2020-02-29 14:03:44
359,jen_keesmaat,hrhbixby,175,2020-02-28 10:29:50,2020-02-29 14:03:44
360,jen_keesmaat,gemmellemily,175,2020-02-28 10:29:50,2020-02-29 14:03:44
361,jen_keesmaat,pathways2equity,175,2020-02-28 10:29:50,2020-02-29 14:03:44
362,jen_keesmaat,fangceic,175,2020-02-28 10:29:50,2020-02-29 14:03:44
363,jen_keesmaat,brianer,175,2020-02-28 10:29:50,2020-02-29 14:03:44
364,jen_keesmaat,jillcbaum,175,2020-02-28 10:29:50,2020-02-29 14:03:44
365,azimajiwani,rbatherson,176,2020-02-28 10:35:41,2020-02-29 14:03:44
366,devonterrio,hfxregpolice,177,2020-02-28 10:36:14,2020-02-29 14:03:44
367,artsnovascotia,td_canada,178,2020-02-28 10:36:41,2020-02-29 14:03:44
368,halifax2020,news957,179,2020-02-28 10:41:25,2020-02-29 14:03:44
369,halifax2020,donmillshfx,179,2020-02-28 10:41:25,2020-02-29 14:03:44
370,halifax2020,therickhoweshow,179,2020-02-28 10:41:25,2020-02-29 14:03:44
371,sarahtomhfx,kpopeventshfx,180,2020-02-28 10:49:35,2020-02-29 14:03:44
372,snakedavis,square,181,2020-02-28 10:52:28,2020-02-29 14:03:44
373,lastfridayclub,cresswells_hb,182,2020-02-28 10:56:33,2020-02-29 14:03:44
374,lastfridayclub,thepiecehall,182,2020-02-28 10:56:33,2020-02-29 14:03:44
375,lastfridayclub,tradingroomstph,182,2020-02-28 10:56:33,2020-02-29 14:03:44
376,lastfridayclub,barclaysuk,182,2020-02-28 10:56:33,2020-02-29 14:03:44
377,lastfridayclub,midyorkschamber,182,2020-02-28 10:56:33,2020-02-29 14:03:44
378,lastfridayclub,lastfridayclub,182,2020-02-28 10:56:33,2020-02-29 14:03:44
379,dalresidence,dalresidence,183,2020-02-28 11:01:37,2020-02-29 14:03:44
380,topic_uk,lastfridayclub,184,2020-02-28 11:02:30,2020-02-29 14:03:44
381,topic_uk,charity_angels,184,2020-02-28 11:02:30,2020-02-29 14:03:44
382,topic_uk,calderdalefound,184,2020-02-28 11:02:30,2020-02-29 14:03:44
383,lastfridayclub,lastfridayclub,185,2020-02-28 11:03:30,2020-02-29 14:03:44
384,lastfridayclub,charity_angels,185,2020-02-28 11:03:30,2020-02-29 14:03:44
385,lastfridayclub,calderdalefound,185,2020-02-28 11:03:30,2020-02-29 14:03:44
386,nickychanthomp,charity_angels,186,2020-02-28 11:05:04,2020-02-29 14:03:44
387,nickychanthomp,lastfridayclub,186,2020-02-28 11:05:04,2020-02-29 14:03:44
388,nickychanthomp,calderdalefound,186,2020-02-28 11:05:04,2020-02-29 14:03:44
389,peady,ns_archives,187,2020-02-28 11:12:48,2020-02-29 14:03:44
390,bdc_capital,bdc,188,2020-02-28 11:15:07,2020-02-29 14:03:44
391,femtech_,bdc,189,2020-02-28 11:15:12,2020-02-29 14:03:44
392,_ellabot,bdc,190,2020-02-28 11:15:18,2020-02-29 14:03:44
393,walternregan1,sack_vegas,191,2020-02-28 11:19:40,2020-02-29 14:03:44
394,walternregan1,sbasackville,191,2020-02-28 11:19:40,2020-02-29 14:03:44
395,sack_vegas,sack_vegas,192,2020-02-28 11:32:59,2020-02-29 14:03:44
396,sack_vegas,sbasackville,192,2020-02-28 11:32:59,2020-02-29 14:03:44
397,atlseccon,shehackspurple,193,2020-02-28 11:38:59,2020-02-29 14:03:44
398,nickg902,shehackspurple,194,2020-02-28 11:39:29,2020-02-29 14:03:44
399,hask902,shehackspurple,195,2020-02-28 11:39:36,2020-02-29 14:03:44
400,mmiddleton,shehackspurple,196,2020-02-28 11:40:00,2020-02-29 14:03:44
401,websecurityit,shehackspurple,196,2020-02-28 11:40:00,2020-02-29 14:03:44
402,dexterdyne,shehackspurple,197,2020-02-28 11:41:59,2020-02-29 14:03:44
403,halifaxbloggers,cove17,198,2020-02-28 11:45:00,2020-02-29 14:03:44
404,squarechapel,square,199,2020-02-28 11:46:46,2020-02-29 14:03:44
405,craigmoulding,deanclough,200,2020-02-28 11:53:32,2020-02-29 14:03:44
406,cconns,nspowerinc,201,2020-02-28 11:53:36,2020-02-29 14:03:44
407,craigmoulding,deanclough,202,2020-02-28 11:53:37,2020-02-29 14:03:44
408,kevinrns,td_canada,203,2020-02-28 11:57:07,2020-02-29 14:03:44
409,teamwork1997,teamworkbridge,204,2020-02-28 12:01:25,2020-02-29 14:03:44
410,hfxpartnership,rbc,205,2020-02-28 12:01:56,2020-02-29 14:03:44
411,hfxpartnership,gocpaatlantic,205,2020-02-28 12:01:56,2020-02-29 14:03:44
412,ywcahalifax,hablackfilmfest,206,2020-02-28 12:04:58,2020-02-29 14:03:44
413,halifaxbloggers,nsnaturetrust,207,2020-02-28 12:16:25,2020-02-29 14:03:44
414,ada_elvi,alexroviracelma,208,2020-02-28 12:18:21,2020-02-29 14:03:44
415,guyleighjohnson,senatorwanda,209,2020-02-28 12:22:37,2020-02-29 14:03:44
416,halifaxpodcast,bfi,210,2020-02-28 12:26:15,2020-02-29 14:03:44
417,halifaxpodcast,squarechapel,210,2020-02-28 12:26:15,2020-02-29 14:03:44
418,halifaxpodcast,davethefilm,210,2020-02-28 12:26:15,2020-02-29 14:03:44
419,halifaxpodcast,infostaugs,210,2020-02-28 12:26:15,2020-02-29 14:03:44
420,halifaxpodcast,halifaxhipster,210,2020-02-28 12:26:15,2020-02-29 14:03:44
421,sumans0urav,shehackspurple,211,2020-02-28 12:32:10,2020-02-29 14:03:44
422,sumans0urav,atlseccon,211,2020-02-28 12:32:10,2020-02-29 14:03:44
423,wendyphillipspr,sonlatinohfx,212,2020-02-28 12:32:17,2020-02-29 14:03:44
424,seaandbescene,scotiabankctr,213,2020-02-28 12:40:26,2020-02-29 14:03:44
425,seaandbescene,scoobylivetour,213,2020-02-28 12:40:26,2020-02-29 14:03:44
426,seaandbescene,meethalifax,213,2020-02-28 12:40:26,2020-02-29 14:03:44
427,nscaduniversity,busstoptheatre,214,2020-02-28 12:50:29,2020-02-29 14:03:44
428,halifaxnoise,liveheist,215,2020-02-28 12:58:29,2020-02-29 14:03:44
429,rj_audiman,thestubborngoat,216,2020-02-28 13:04:57,2020-02-29 14:03:44
430,leighsedmondson,thepiecehall,217,2020-02-28 13:09:33,2020-02-29 14:03:44
431,shehackspurple,atlseccon,218,2020-02-28 13:12:46,2020-02-29 14:03:44
432,shehackspurple,shehackspurple,218,2020-02-28 13:12:46,2020-02-29 14:03:44
433,femtech_,shehackspurple,219,2020-02-28 13:12:52,2020-02-29 14:03:44
434,femtech_,atlseccon,219,2020-02-28 13:12:52,2020-02-29 14:03:44
435,nsleo18,goodlifekids,220,2020-02-28 13:26:09,2020-02-29 14:03:44
436,nsleo18,ns_dcs,220,2020-02-28 13:26:09,2020-02-29 14:03:44
437,nsleo18,stephenmcneil,220,2020-02-28 13:26:09,2020-02-29 14:03:44
438,nsleo18,teamworkbridge,221,2020-02-28 13:26:25,2020-02-29 14:03:44
439,carletonhalifax,sonlatinohfx,222,2020-02-28 13:29:47,2020-02-29 14:03:44
440,orlandomediaco,busstoptheatre,223,2020-02-28 13:34:55,2020-02-29 14:03:44
441,keaton_robbins,macronsports,224,2020-02-28 13:35:21,2020-02-29 14:03:44
442,slangcares,squarechapel,225,2020-02-28 13:37:26,2020-02-29 14:03:44
443,halifax2020,therickhoweshow,226,2020-02-28 13:38:50,2020-02-29 14:03:44
444,halifax2020,mikesavagehfx,226,2020-02-28 13:38:50,2020-02-29 14:03:44
445,halifax2020,news957,226,2020-02-28 13:38:50,2020-02-29 14:03:44
446,krycheck2,realbritt_rob,227,2020-02-28 13:40:54,2020-02-29 14:03:44
447,krycheck2,kj_apa,227,2020-02-28 13:40:54,2020-02-29 14:03:44
448,halifax2020,vv_sre,228,2020-02-28 13:41:26,2020-02-29 14:03:44
449,mscambo,sonlatinohfx,229,2020-02-28 13:50:04,2020-02-29 14:03:44
450,mscambo,prestonreed,230,2020-02-28 13:50:50,2020-02-29 14:03:44
451,visitcalderdale,visitcalderdale,231,2020-02-28 13:51:44,2020-02-29 14:03:44
452,visitcalderdale,thepiecehall,231,2020-02-28 13:51:44,2020-02-29 14:03:44
453,fboyz99,kj_apa,232,2020-02-28 13:54:53,2020-02-29 14:03:44
454,fboyz99,realbritt_rob,232,2020-02-28 13:54:53,2020-02-29 14:03:44
455,aligillan,rbc,233,2020-02-28 13:56:10,2020-02-29 14:03:44
456,aligillan,gocpaatlantic,233,2020-02-28 13:56:10,2020-02-29 14:03:44
457,globalgraeme,nspowerinc,234,2020-02-28 13:59:24,2020-02-29 14:03:44
458,sbasackville,sack_vegas,235,2020-02-28 14:05:09,2020-02-29 14:03:44
459,sbasackville,sbasackville,235,2020-02-28 14:05:09,2020-02-29 14:03:44
460,d0rkerdevil,shehackspurple,236,2020-02-28 14:09:20,2020-02-29 14:03:44
461,femtech_,shehackspurple,237,2020-02-28 14:09:25,2020-02-29 14:03:44
462,halifaxbloggers,savourfw,238,2020-02-28 14:15:00,2020-02-29 14:03:44
463,halifaxbloggers,thenslc,238,2020-02-28 14:15:00,2020-02-29 14:03:44
464,lucus63p,kj_apa,239,2020-02-28 14:18:22,2020-02-29 14:03:44
465,lucus63p,realbritt_rob,239,2020-02-28 14:18:22,2020-02-29 14:03:44
466,rastasack,nspowerinc,240,2020-02-28 14:28:47,2020-02-29 14:03:44
467,marknca,shehackspurple,241,2020-02-28 14:31:14,2020-02-29 14:03:44
468,cybersecurityn8,shehackspurple,242,2020-02-28 14:31:17,2020-02-29 14:03:44
469,sectest9,shehackspurple,243,2020-02-28 14:31:22,2020-02-29 14:03:44
470,halifaxninja,spreaker,244,2020-02-28 14:32:43,2020-02-29 14:03:44
471,myhalifax_,youtube,245,2020-02-28 14:33:25,2020-02-29 14:03:44
472,daphvinas,realbritt_rob,246,2020-02-28 14:33:38,2020-02-29 14:03:44
473,daphvinas,kj_apa,246,2020-02-28 14:33:38,2020-02-29 14:03:44
474,todoinhalifax,youtube,247,2020-02-28 14:35:33,2020-02-29 14:03:44
475,thebagoglooteam,youtube,248,2020-02-28 14:36:34,2020-02-29 14:03:44
476,adamcooper_,youtube,249,2020-02-28 14:36:41,2020-02-29 14:03:44
477,frederick_vinas,realbritt_rob,250,2020-02-28 14:38:19,2020-02-29 14:03:44
478,frederick_vinas,kj_apa,250,2020-02-28 14:38:19,2020-02-29 14:03:44
479,ginaspireite,halifaxhipster,251,2020-02-28 14:41:57,2020-02-29 14:03:44
480,ginaspireite,bfi,251,2020-02-28 14:41:57,2020-02-29 14:03:44
481,ginaspireite,squarechapel,251,2020-02-28 14:41:57,2020-02-29 14:03:44
482,ginaspireite,davethefilm,251,2020-02-28 14:41:57,2020-02-29 14:03:44
483,ginaspireite,infostaugs,251,2020-02-28 14:41:57,2020-02-29 14:03:44
484,rmacrae,hfx_events,252,2020-02-28 14:53:29,2020-02-29 14:03:44
485,rmacrae,halifaxnoise,252,2020-02-28 14:53:29,2020-02-29 14:03:44
486,charity_angels,lastfridayclub,253,2020-02-28 14:55:09,2020-02-29 14:03:44
487,charity_angels,charity_angels,253,2020-02-28 14:55:09,2020-02-29 14:03:44
488,charity_angels,calderdalefound,253,2020-02-28 14:55:09,2020-02-29 14:03:44
489,cdnroots,arielgough,254,2020-02-28 14:56:10,2020-02-29 14:03:44
490,cdnroots,womxninpolicy,254,2020-02-28 14:56:10,2020-02-29 14:03:44
491,cdnroots,oanndivine,254,2020-02-28 14:56:10,2020-02-29 14:03:44
492,cdnroots,kellyoneil60,254,2020-02-28 14:56:10,2020-02-29 14:03:44
493,cdnroots,newsbag,254,2020-02-28 14:56:10,2020-02-29 14:03:44
494,rmacrae,hfx_events,255,2020-02-28 14:59:57,2020-02-29 14:03:44
495,rmacrae,halifaxnoise,255,2020-02-28 14:59:57,2020-02-29 14:03:44
496,wendyphillipspr,hablackfilmfest,256,2020-02-28 15:06:00,2020-02-29 14:03:44
497,valentino_nora,hrce_ns,257,2020-02-28 15:14:06,2020-02-29 14:03:44
498,rmacrae,hfx_events,258,2020-02-28 15:16:53,2020-02-29 14:03:44
499,rmacrae,halifaxnoise,258,2020-02-28 15:16:53,2020-02-29 14:03:44
500,infolondonon,ns_dcs,259,2020-02-28 15:18:53,2020-02-29 14:03:44
501,infolondonon,stephenmcneil,259,2020-02-28 15:18:53,2020-02-29 14:03:44
502,infolondonon,goodlifekids,259,2020-02-28 15:18:53,2020-02-29 14:03:44
503,thebeaconhx,squarechapel,260,2020-02-28 15:21:52,2020-02-29 14:03:44
504,thebeaconhx,square,261,2020-02-28 15:22:05,2020-02-29 14:03:44
505,rockheadhfx,sleemanbeer,262,2020-02-28 15:25:24,2020-02-29 14:03:44
506,chris_molaison,ianmhfx,263,2020-02-28 15:41:21,2020-02-29 14:03:44
507,chris_molaison,halifax2020,263,2020-02-28 15:41:21,2020-02-29 14:03:44
508,chris_molaison,mattwhitman2020,263,2020-02-28 15:41:21,2020-02-29 14:03:44
509,chris_molaison,wayemason,263,2020-02-28 15:41:21,2020-02-29 14:03:44
510,mdclaw,mdclaw,264,2020-02-28 15:52:25,2020-02-29 14:03:44
511,sonlatinohfx,sonlatinohfx,265,2020-02-28 15:57:04,2020-02-29 14:03:44
512,halifaxhipster,halifaxhipster,266,2020-02-28 15:58:46,2020-02-29 14:03:44
513,halifaxhipster,bfi,266,2020-02-28 15:58:46,2020-02-29 14:03:44
514,halifaxhipster,squarechapel,266,2020-02-28 15:58:46,2020-02-29 14:03:44
515,halifaxhipster,davethefilm,266,2020-02-28 15:58:46,2020-02-29 14:03:44
516,halifaxhipster,infostaugs,266,2020-02-28 15:58:46,2020-02-29 14:03:44
517,clickhfx,mikesavagehfx,267,2020-02-28 16:14:32,2020-02-29 14:03:44
518,clickhfx,robertbigler,268,2020-02-28 16:14:41,2020-02-29 14:03:44
519,oriolsalvador,halifaxpride,269,2020-02-28 16:16:18,2020-02-29 14:03:44
520,andyplatt2,thebeaconhx,270,2020-02-28 16:27:32,2020-02-29 14:03:44
521,andyplatt2,theatre_viaduct,270,2020-02-28 16:27:32,2020-02-29 14:03:44
522,paulsilkywhite,danthomascomedy,271,2020-02-28 16:37:57,2020-02-29 14:03:44
523,paulsilkywhite,michaelsfabbri,271,2020-02-28 16:37:57,2020-02-29 14:03:44
524,paulsilkywhite,victheatre,271,2020-02-28 16:37:57,2020-02-29 14:03:44
525,lisa_bonang,rbatherson,272,2020-02-28 16:39:55,2020-02-29 14:03:44
526,karlaonquinpool,kpopeventshfx,273,2020-02-28 16:49:04,2020-02-29 14:03:44
527,alexanderquon,privacylawyer,274,2020-02-28 16:53:16,2020-02-29 14:03:44
528,alexanderquon,hfxregpolice,274,2020-02-28 16:53:16,2020-02-29 14:03:44
529,globalhalifax,privacylawyer,275,2020-02-28 16:53:22,2020-02-29 14:03:44
530,globalhalifax,hfxregpolice,275,2020-02-28 16:53:22,2020-02-29 14:03:44
531,privacylawyer,privacylawyer,276,2020-02-28 17:11:23,2020-02-29 14:03:44
532,privacylawyer,hfxregpolice,276,2020-02-28 17:11:23,2020-02-29 14:03:44
533,jamespmcleod,hfxregpolice,277,2020-02-28 17:12:51,2020-02-29 14:03:44
534,jamespmcleod,privacylawyer,277,2020-02-28 17:12:51,2020-02-29 14:03:44
535,anncavoukian,hfxregpolice,278,2020-02-28 17:14:29,2020-02-29 14:03:44
536,anncavoukian,privacylawyer,278,2020-02-28 17:14:29,2020-02-29 14:03:44
537,mdjohnsto,privacylawyer,279,2020-02-28 17:15:59,2020-02-29 14:03:44
538,mdjohnsto,hfxregpolice,279,2020-02-28 17:15:59,2020-02-29 14:03:44
539,cindydayweather,thebcrofficial,280,2020-02-28 17:18:00,2020-02-29 14:03:44
540,amazingchevvolt,canadian_mre,281,2020-02-28 17:20:04,2020-02-29 14:03:44
541,maddiem10125980,realbritt_rob,282,2020-02-28 17:24:05,2020-02-29 14:03:44
542,maddiem10125980,kj_apa,282,2020-02-28 17:24:05,2020-02-29 14:03:44
543,cybersec_feeds,shehackspurple,283,2020-02-28 17:24:48,2020-02-29 14:03:44
544,janesonrayne,privacylawyer,284,2020-02-28 17:25:15,2020-02-29 14:03:44
545,janesonrayne,hfxregpolice,284,2020-02-28 17:25:15,2020-02-29 14:03:44
546,fancrtcprofling,privacylawyer,285,2020-02-28 17:28:46,2020-02-29 14:03:44
547,fancrtcprofling,hfxregpolice,285,2020-02-28 17:28:46,2020-02-29 14:03:44
548,japarkerphd,cihr_ihdcyh,286,2020-02-28 17:29:53,2020-02-29 14:03:44
549,japarkerphd,dalhousieu,286,2020-02-28 17:29:53,2020-02-29 14:03:44
550,halifaxbloggers,cove17,287,2020-02-28 17:30:00,2020-02-29 14:03:44
551,peerxp,shehackspurple,288,2020-02-28 17:30:06,2020-02-29 14:03:44
552,cyberseccare,shehackspurple,289,2020-02-28 17:30:09,2020-02-29 14:03:44
553,sonofmmonroe,yhznow,290,2020-02-28 17:51:48,2020-02-29 14:03:44
554,debbieb07836,grandadwheels,291,2020-02-28 18:05:41,2020-02-29 14:03:44
555,chris_molaison,ianmhfx,292,2020-02-28 18:11:39,2020-02-29 14:03:44
556,chris_molaison,halifax2020,292,2020-02-28 18:11:39,2020-02-29 14:03:44
557,chris_molaison,mattwhitman2020,292,2020-02-28 18:11:39,2020-02-29 14:03:44
558,chris_molaison,wayemason,292,2020-02-28 18:11:39,2020-02-29 14:03:44
559,sonofmmonroe,signalhfx,293,2020-02-28 18:17:11,2020-02-29 14:03:44
560,sonofmmonroe,ellery_platts,293,2020-02-28 18:17:11,2020-02-29 14:03:44
561,geezer_b,td_canada,294,2020-02-28 18:28:55,2020-02-29 14:03:44
562,fabiennecolas,hablackfilmfest,295,2020-02-28 18:35:24,2020-02-29 14:03:44
563,annetteharpell,1015_the_hawk,296,2020-02-28 18:35:27,2020-02-29 14:03:44
564,thedingler,privacylawyer,297,2020-02-28 18:43:02,2020-02-29 14:03:44
565,thedingler,hfxregpolice,297,2020-02-28 18:43:02,2020-02-29 14:03:44
566,t_meagher1916,breitbartnews,298,2020-02-28 18:50:12,2020-02-29 14:03:44
567,paularobeson,cihr_ihdcyh,299,2020-02-28 18:52:50,2020-02-29 14:03:44
568,paularobeson,dalhousieu,299,2020-02-28 18:52:50,2020-02-29 14:03:44
569,jmquint0324,shehackspurple,300,2020-02-28 18:57:46,2020-02-29 14:03:44
570,prestonreed,prestonreed,301,2020-02-28 19:14:54,2020-02-29 14:03:44
571,axiomrekt,breitbartnews,302,2020-02-28 19:32:48,2020-02-29 14:03:44
572,todoinhalifax,portofhalifax,303,2020-02-28 19:37:17,2020-02-29 14:03:44
573,arcworksca,argylefineart,304,2020-02-28 20:00:08,2020-02-29 14:03:44
574,yonezumik,square,305,2020-02-28 20:32:53,2020-02-29 14:03:44
575,cproth64,grandadwheels,306,2020-02-28 20:36:49,2020-02-29 14:03:44
576,ab_graff,busstoptheatre,307,2020-02-28 20:37:02,2020-02-29 14:03:44
577,dwaynehiltz,aewrestling,308,2020-02-28 20:45:30,2020-02-29 14:03:44
578,skivels,td_canada,309,2020-02-28 20:55:51,2020-02-29 14:03:44
579,michaelmaillet,halifaxmagazine,310,2020-02-28 21:11:44,2020-02-29 14:03:44
580,michaelmaillet,cjamieson88,310,2020-02-28 21:11:44,2020-02-29 14:03:44
581,michaelmaillet,hfxthunderbirds,310,2020-02-28 21:11:44,2020-02-29 14:03:44
582,gsduk,halifaxstreet,311,2020-02-28 21:31:47,2020-02-29 14:03:44
583,gsduk,yateshalifax,311,2020-02-28 21:31:47,2020-02-29 14:03:44
584,gsduk,wyp_halifax,311,2020-02-28 21:31:47,2020-02-29 14:03:44
585,cbpost_jeremy,stationsixfire,312,2020-02-28 21:39:10,2020-02-29 14:03:44
586,cbpost_jeremy,chevypanthers,312,2020-02-28 21:39:10,2020-02-29 14:03:44
587,cbpost_jeremy,thensfmhl,312,2020-02-28 21:39:10,2020-02-29 14:03:44
588,cbpost_jeremy,cbuniversity,313,2020-02-28 21:47:42,2020-02-29 14:03:44
589,cbpost_jeremy,aus_sua,313,2020-02-28 21:47:42,2020-02-29 14:03:44
590,cbpost_jeremy,gocapersgo,313,2020-02-28 21:47:42,2020-02-29 14:03:44
591,cbpost_jeremy,cbuniversity,314,2020-02-28 21:48:23,2020-02-29 14:03:44
592,cbpost_jeremy,aus_sua,314,2020-02-28 21:48:23,2020-02-29 14:03:44
593,cbpost_jeremy,gocapersgo,314,2020-02-28 21:48:23,2020-02-29 14:03:44
594,veggyverse,gunsnroses,315,2020-02-28 22:09:53,2020-02-29 14:03:44
595,fourniernatalie,globalnews,316,2020-02-28 22:12:17,2020-02-29 14:03:44
596,positive365day,square,317,2020-02-28 22:29:59,2020-02-29 14:03:44
597,logmanmaritimes,cfxuradio,318,2020-02-28 22:31:11,2020-02-29 14:03:44
598,logmanmaritimes,cckc889,318,2020-02-28 22:31:11,2020-02-29 14:03:44
599,logmanmaritimes,chmrmunradio,318,2020-02-28 22:31:11,2020-02-29 14:03:44
600,logmanmaritimes,chmafm,318,2020-02-28 22:31:11,2020-02-29 14:03:44
601,logmanmaritimes,local1073fm,318,2020-02-28 22:31:11,2020-02-29 14:03:44
602,logmanmaritimes,ncracanada,318,2020-02-28 22:31:11,2020-02-29 14:03:44
603,logmanmaritimes,chsr979,318,2020-02-28 22:31:11,2020-02-29 14:03:44
604,logmanmaritimes,ckdu881fm,318,2020-02-28 22:31:11,2020-02-29 14:03:44
605,browninfosecguy,torontopearson,319,2020-02-28 22:44:50,2020-02-29 14:03:44
606,browninfosecguy,hfxstanfield,319,2020-02-28 22:44:50,2020-02-29 14:03:44
607,redmagepanda,ktrevorwilson,320,2020-02-28 22:49:14,2020-02-29 14:03:44
608,redmagepanda,jaredkeeso,320,2020-02-28 22:49:14,2020-02-29 14:03:44
609,redmagepanda,tylerjbjohnston,320,2020-02-28 22:49:14,2020-02-29 14:03:44
610,redmagepanda,evanjstern,320,2020-02-28 22:49:14,2020-02-29 14:03:44
611,redmagepanda,summernate,320,2020-02-28 22:49:14,2020-02-29 14:03:44
612,reprtrpathealey,alessiacara,321,2020-02-28 22:52:15,2020-02-29 14:03:44
613,medium1982,alessiacara,322,2020-02-28 23:06:02,2020-02-29 14:03:44
614,lamygeorges,hablackfilmfest,323,2020-02-28 23:31:29,2020-02-29 14:03:44
615,matthewgbailey,tourismns,324,2020-02-28 23:43:00,2020-02-29 14:03:44
616,maltegophoenix,vip_favours,325,2020-02-29 01:33:39,2020-02-29 14:03:44
617,archsengage,hfxgov,326,2020-02-29 02:42:16,2020-02-29 14:03:44
618,archsengage,hfxpublib,326,2020-02-29 02:42:16,2020-02-29 14:03:44
619,archsengage,wayemason,326,2020-02-29 02:42:16,2020-02-29 14:03:44
620,archsengage,smuhalifax,326,2020-02-29 02:42:16,2020-02-29 14:03:44
621,archsengage,mikesavagehfx,326,2020-02-29 02:42:16,2020-02-29 14:03:44
622,t_meagher1916,thelatestnews16,327,2020-02-29 04:25:39,2020-02-29 14:03:44
623,strictlypros,pernicegiovann1,328,2020-02-29 05:05:54,2020-02-29 14:03:44
624,strictlypros,victheatre,328,2020-02-29 05:05:54,2020-02-29 14:03:44
625,lauragovergate,overgatehospice,329,2020-02-29 05:11:25,2020-02-29 14:03:44
626,rachovergate,overgatehospice,330,2020-02-29 05:13:20,2020-02-29 14:03:44
627,victheatre,pernicegiovann1,331,2020-02-29 05:17:53,2020-02-29 14:03:44
628,victheatre,victheatre,331,2020-02-29 05:17:53,2020-02-29 14:03:44
629,richardson310,pernicegiovann1,332,2020-02-29 05:19:29,2020-02-29 14:03:44
630,richardson310,victheatre,332,2020-02-29 05:19:29,2020-02-29 14:03:44
631,discoverhx,caldindusmuseum,333,2020-02-29 05:30:06,2020-02-29 14:03:44
632,bramleys1,visitcalderdale,334,2020-02-29 05:34:00,2020-02-29 14:03:44
633,bramleys1,thepiecehall,334,2020-02-29 05:34:00,2020-02-29 14:03:44
634,andyovergate,overgatehospice,335,2020-02-29 05:37:10,2020-02-29 14:03:44
635,positiveshaymen,macronsports,336,2020-02-29 05:44:54,2020-02-29 14:03:44
636,robinsk1971,specialons,337,2020-02-29 05:48:37,2020-02-29 14:03:44
637,whostolemybike,hfxseaportmrkt,338,2020-02-29 06:01:37,2020-02-29 14:03:44
638,corefacility,overgatehospice,339,2020-02-29 06:03:25,2020-02-29 14:03:44
639,bazzenergy,deanowilk,340,2020-02-29 06:09:37,2020-02-29 14:03:44
640,bazzenergy,fm_phoenix,340,2020-02-29 06:09:37,2020-02-29 14:03:44
641,beckiovergate,overgatehospice,341,2020-02-29 06:34:10,2020-02-29 14:03:44
642,mgrideoutnl,shehackspurple,342,2020-02-29 07:09:02,2020-02-29 14:03:44
643,femtech_,shehackspurple,343,2020-02-29 07:09:07,2020-02-29 14:03:44
644,websecurityit,shehackspurple,344,2020-02-29 07:10:00,2020-02-29 14:03:44
645,websecurityit,shehackspurple,344,2020-02-29 07:10:00,2020-02-29 14:03:44
646,jessehitchcock,carshare_atl,345,2020-02-29 07:10:19,2020-02-29 14:03:44
647,halifax2020,burrellmcdaniel,346,2020-02-29 07:21:00,2020-02-29 14:03:44
648,flawintheiris,flawintheiris,347,2020-02-29 07:23:30,2020-02-29 14:03:44
649,fayefundraiser,overgatehospice,348,2020-02-29 07:35:37,2020-02-29 14:03:44
650,fm_phoenix,fm_phoenix,349,2020-02-29 07:44:27,2020-02-29 14:03:44
651,fm_phoenix,deanowilk,349,2020-02-29 07:44:27,2020-02-29 14:03:44
652,dianagagic,deancloughhfx,350,2020-02-29 08:01:19,2020-02-29 14:03:44
653,seaandbescene,scoobylivetour,351,2020-02-29 08:03:17,2020-02-29 14:03:44
654,ceciliaconcerts,ceciliaconcerts,352,2020-02-29 08:20:00,2020-02-29 14:03:44
655,ceciliaconcerts,ulyssesquartet,352,2020-02-29 08:20:00,2020-02-29 14:03:44
656,halifaxtrue,cadburyuk,353,2020-02-29 08:26:29,2020-02-29 14:03:44
657,shaymenstats,ty7on3_thomp2on,354,2020-02-29 08:32:57,2020-02-29 14:03:44
658,shaymenstats,youngy_g,354,2020-02-29 08:32:57,2020-02-29 14:03:44
659,mc_moosecountry,hfxmooseheads,355,2020-02-29 08:44:48,2020-02-29 14:03:44
660,michaelmaillet,brlive,356,2020-02-29 08:58:13,2020-02-29 14:03:44
661,michaelmaillet,nllcommish,356,2020-02-29 08:58:13,2020-02-29 14:03:44
662,michaelmaillet,nllbandits,356,2020-02-29 08:58:13,2020-02-29 14:03:44
663,michaelmaillet,hfxthunderbirds,356,2020-02-29 08:58:13,2020-02-29 14:03:44
664,michaelmaillet,a_e_sports,356,2020-02-29 08:58:13,2020-02-29 14:03:44
665,rosescleaning,rosescleaning,357,2020-02-29 09:01:06,2020-02-29 14:03:44
666,filmblackmtl,hablackfilmfest,358,2020-02-29 09:11:59,2020-02-29 14:03:44
667,hablackfilmfest,hablackfilmfest,359,2020-02-29 09:12:23,2020-02-29 14:03:44
668,toblackfilmfest,hablackfilmfest,360,2020-02-29 09:12:34,2020-02-29 14:03:44
669,telefilm_canada,hablackfilmfest,361,2020-02-29 09:16:55,2020-02-29 14:03:44
670,hablackfilmfest,hablackfilmfest,362,2020-02-29 09:17:58,2020-02-29 14:03:44
671,bigjmcc,lisarobertshfx,363,2020-02-29 09:19:26,2020-02-29 14:03:44
672,connors_m_,xx_emilymarie,364,2020-02-29 09:21:35,2020-02-29 14:03:44
673,connors_m_,qosbaszler,364,2020-02-29 09:21:35,2020-02-29 14:03:44
674,connors_m_,justin_newhook_,364,2020-02-29 09:21:35,2020-02-29 14:03:44
675,barrellingtide,megandholwell,365,2020-02-29 09:29:15,2020-02-29 14:03:44
676,ocrcove,megandholwell,366,2020-02-29 09:31:56,2020-02-29 14:03:44
677,shaymenstats,stalycelticfc,367,2020-02-29 09:35:58,2020-02-29 14:03:44
678,shaymenstats,granthamtownfc,367,2020-02-29 09:35:58,2020-02-29 14:03:44
679,nsndp,lisarobertshfx,368,2020-02-29 09:40:22,2020-02-29 14:03:44
680,bigjmcc,hfxgov,369,2020-02-29 09:51:19,2020-02-29 14:03:44
681,mrtallerjerry,hfxgov,370,2020-02-29 09:53:14,2020-02-29 14:03:44
682,rob_canning,q104halifax,371,2020-02-29 10:01:55,2020-02-29 14:03:44
683,rob_canning,halifaxnoise,371,2020-02-29 10:01:55,2020-02-29 14:03:44
684,rob_canning,hfxtraffic,371,2020-02-29 10:01:55,2020-02-29 14:03:44
685,halifaxnoise,jamesmullinger,372,2020-02-29 10:09:12,2020-02-29 14:03:44
686,halifaxnoise,spatztheatre,372,2020-02-29 10:09:12,2020-02-29 14:03:44
687,pettenross,hfxmooseheads,373,2020-02-29 10:17:20,2020-02-29 14:03:44
688,lesmckeownshis,thebcrofficial,374,2020-02-29 10:17:41,2020-02-29 14:03:44
689,alexanderquon,hfxseaportmrkt,375,2020-02-29 10:18:26,2020-02-29 14:03:44
690,sandymcclearn,hfxtraffic,376,2020-02-29 10:18:45,2020-02-29 14:03:44
691,sandymcclearn,q104halifax,376,2020-02-29 10:18:45,2020-02-29 14:03:44
692,sandymcclearn,halifaxnoise,376,2020-02-29 10:18:45,2020-02-29 14:03:44
693,jamesmullinger,spatztheatre,377,2020-02-29 10:19:59,2020-02-29 14:03:44
694,jamesmullinger,jamesmullinger,377,2020-02-29 10:19:59,2020-02-29 14:03:44
695,cathyforgioned1,thebcrofficial,378,2020-02-29 10:33:21,2020-02-29 14:03:44
696,themaritimeedit,spatztheatre,379,2020-02-29 10:37:22,2020-02-29 14:03:44
697,themaritimeedit,jamesmullinger,379,2020-02-29 10:37:22,2020-02-29 14:03:44
698,heleendendekker,thebcrofficial,380,2020-02-29 10:40:15,2020-02-29 14:03:44
699,browninfosecguy,rsaconference,381,2020-02-29 10:41:32,2020-02-29 14:03:44
700,browninfosecguy,gosecure_inc,381,2020-02-29 10:41:32,2020-02-29 14:03:44
701,busstoptheatre,rougefatale,382,2020-02-29 10:48:44,2020-02-29 14:03:44
702,screen_ns,hablackfilmfest,383,2020-02-29 10:55:08,2020-02-29 14:03:44
703,cbpost_jeremy,stationsixfire,384,2020-02-29 11:10:48,2020-02-29 14:03:44
704,cbpost_jeremy,chevypanthers,384,2020-02-29 11:10:48,2020-02-29 14:03:44
705,cbpost_jeremy,thensfmhl,384,2020-02-29 11:10:48,2020-02-29 14:03:44
706,cbpost_jeremy,unbathletics,385,2020-02-29 11:11:29,2020-02-29 14:03:44
707,cbpost_jeremy,cbuniversity,385,2020-02-29 11:11:29,2020-02-29 14:03:44
708,cbpost_jeremy,aus_sua,385,2020-02-29 11:11:29,2020-02-29 14:03:44
709,cbpost_jeremy,gocapersgo,385,2020-02-29 11:11:29,2020-02-29 14:03:44
710,nsletr,specialons,386,2020-02-29 11:11:32,2020-02-29 14:03:44
711,therealdonmoser,specialons,387,2020-02-29 11:12:11,2020-02-29 14:03:44
712,discreetnews1,ignitecompanion,388,2020-02-29 11:26:47,2020-02-29 14:03:44
713,rdgrecoverycda,nseducation,389,2020-02-29 11:27:00,2020-02-29 14:03:44
714,rdgrecoverycda,nsteachersunion,389,2020-02-29 11:27:00,2020-02-29 14:03:44
715,rdgrecoverycda,jenn_flight,389,2020-02-29 11:27:00,2020-02-29 14:03:44
716,rdgrecoverycda,adriaklein_read,389,2020-02-29 11:27:00,2020-02-29 14:03:44
717,reprtrpathealey,upeiwbasketball,390,2020-02-29 11:38:36,2020-02-29 14:03:44
718,reprtrpathealey,scotiabankctr,390,2020-02-29 11:38:36,2020-02-29 14:03:44
719,reprtrpathealey,aus_sua,390,2020-02-29 11:38:36,2020-02-29 14:03:44
720,rohinibannerjee,caitlinpress,391,2020-02-29 11:38:58,2020-02-29 14:03:44
721,rohinibannerjee,christinamyersa,391,2020-02-29 11:38:58,2020-02-29 14:03:44
722,rohinibannerjee,chaptersindigo,391,2020-02-29 11:38:58,2020-02-29 14:03:44
723,tomtakeflight,jenn_flight,392,2020-02-29 11:51:56,2020-02-29 14:03:44
724,tomtakeflight,adriaklein_read,392,2020-02-29 11:51:56,2020-02-29 14:03:44
725,tomtakeflight,nseducation,392,2020-02-29 11:51:56,2020-02-29 14:03:44
726,tomtakeflight,nsteachersunion,392,2020-02-29 11:51:56,2020-02-29 14:03:44
727,halifaxbloggers,cove17,393,2020-02-29 12:00:00,2020-02-29 14:03:44
728,nlsmith99,hfxgov,394,2020-02-29 12:05:31,2020-02-29 14:03:44
729,youngy_g,youngy_g,395,2020-02-29 12:07:16,2020-02-29 14:03:44
730,youngy_g,ty7on3_thomp2on,395,2020-02-29 12:07:16,2020-02-29 14:03:44
731,lindagreenisms,bookcornerhx,396,2020-02-29 12:07:19,2020-02-29 14:03:44
732,mycheekydate,obladeewinebar,397,2020-02-29 12:27:42,2020-02-29 14:03:44
733,esolsaint,squarechapel,398,2020-02-29 12:29:22,2020-02-29 14:03:44
734,steve_mac_ns,hfxthunderbirds,399,2020-02-29 12:44:06,2020-02-29 14:03:44
735,steve_mac_ns,nllbandits,399,2020-02-29 12:44:06,2020-02-29 14:03:44
736,steve_mac_ns,nll,399,2020-02-29 12:44:06,2020-02-29 14:03:44
737,jmascarenhased,nsteachersunion,400,2020-02-29 12:46:02,2020-02-29 14:03:44
738,jmascarenhased,jenn_flight,400,2020-02-29 12:46:02,2020-02-29 14:03:44
739,jmascarenhased,adriaklein_read,400,2020-02-29 12:46:02,2020-02-29 14:03:44
740,jmascarenhased,nseducation,400,2020-02-29 12:46:02,2020-02-29 14:03:44
741,miningns,hfxrec,401,2020-02-29 12:55:40,2020-02-29 14:03:44
742,miningns,shubiecanal,401,2020-02-29 12:55:40,2020-02-29 14:03:44
743,miningns,tonymancini_ns,401,2020-02-29 12:55:40,2020-02-29 14:03:44
744,wagnerslawfirm,specialons,402,2020-02-29 13:02:09,2020-02-29 14:03:44
745,discoverhx,victheatre,403,2020-02-29 13:30:08,2020-02-29 14:03:44
746,discoverhx,calderdale,403,2020-02-29 13:30:08,2020-02-29 14:03:44
747,discoverhx,calderdalefound,403,2020-02-29 13:30:08,2020-02-29 14:03:44
748,discoverhx,watermarkfund,403,2020-02-29 13:30:08,2020-02-29 14:03:44
749,victheatre,watermarkfund,404,2020-02-29 13:38:46,2020-02-29 14:03:44
750,victheatre,victheatre,404,2020-02-29 13:38:46,2020-02-29 14:03:44
751,victheatre,calderdalefound,404,2020-02-29 13:38:46,2020-02-29 14:03:44
752,victheatre,calderdale,404,2020-02-29 13:38:46,2020-02-29 14:03:44
753,halifaxnoise,hfxmoments,405,2020-02-29 13:39:01,2020-02-29 14:03:44
754,daniceraj,calderdalefound,406,2020-02-29 13:42:05,2020-02-29 14:03:44
755,daniceraj,watermarkfund,406,2020-02-29 13:42:05,2020-02-29 14:03:44
756,daniceraj,victheatre,406,2020-02-29 13:42:05,2020-02-29 14:03:44
757,daniceraj,calderdale,406,2020-02-29 13:42:05,2020-02-29 14:03:44
758,junkdroidmusic,katieelectricc,407,2020-02-29 13:58:07,2020-02-29 14:03:44
759,junkdroidmusic,thejagmeetsingh,407,2020-02-29 13:58:07,2020-02-29 14:03:44
760,junkdroidmusic,tiktok_us,407,2020-02-29 13:58:07,2020-02-29 14:03:44
761,gregglasner,hfxmoments,408,2020-02-29 13:58:12,2020-02-29 14:03:44
762,reprtrpathealey,aus_sua,409,2020-02-29 13:58:29,2020-02-29 14:03:44
763,reprtrpathealey,upeiwbasketball,409,2020-02-29 13:58:29,2020-02-29 14:03:44
764,reprtrpathealey,sportsguardian,409,2020-02-29 13:58:29,2020-02-29 14:03:44
